﻿{
  "settings":
  {
    "duration-delay": 15,
    "page-probability": 0.7,
    "site-probability": 0.3,
    "blacklist": [{"url" : ""}],
    "whitelist": [{ "url" : "^servicecanada.github.io\/"}]
  },
  "surveys" : [
  {
    "id" : "1",
    "title-en" : "Entire Site Scope 1 (50%): AA test (eng)",
    "title-fr" : "Entire Site Scope 1 (50%): AA test (fra)",
    "body-en" : "<p>Please take 5 minutes at the end of your visit today to participate in a research exercise to help improve our services.</p><p class='mrgn-bttm-0'>",
    "body-fr" : "<p>Veuillez prendre 5 minutes à la fin de votre visite aujourd’hui pour participer à un exercice de recherche pour aider à améliorer nos services.</p><p class='mrgn-bttm-0'>",
    "link-en" : "https://eccx.optimalworkshop.com/questions/2esdzqcu-0-2",
    "link-fr" : "https://eccx.optimalworkshop.com/questions/2esdzqcu-0-0-0",
    "start-on" : "2020-01-30T00:00:00",
    "end-on" : "2050-07-10T23:59:00",
    "type" : "Entire site",
    "probability" : 0.5,
    "yes-en" : "<strong>Yes, <span class='wb-inv'>I will take the exit survey </span>after my visit.</strong>",
    "yes-fr" : "<strong>Oui, <span class='wb-inv'>je vais participer au sondage de départ </span>après ma visite.</strong>",
    "no-en" : "No, <span class='wb-inv'>I do not want to take the exit survey, </span>thank you.",
    "no-fr" : "Non, <span class='wb-inv'>je ne veux pas participer au sondage de départ, </span>merci.",
    "close-en" : "Close: Exit survey (escape key)",
    "close-fr" : "Fermer : Sondage de fin de visite (touche d&apos;échappement)",
    "name" : "SC - Grants and Contributions Call for Proposals",
    "survey-urls" : [
      {"site" : "^servicecanada.github.io"}
    ]
  },
  {
    "id" : "2",
    "title-en" : "Entire Site Scope 2 (50%): AA test (eng)",
    "title-fr" : "Entire Site Scope 2 (50%): AA test (fra)",
    "body-en" : "<p>Please take 5 minutes at the end of your visit today to participate in a research exercise to help improve our services.</p><p class='mrgn-bttm-0'>",
    "body-fr" : "<p>Veuillez prendre 5 minutes à la fin de votre visite aujourd’hui pour participer à un exercice de recherche pour aider à améliorer nos services.</p><p class='mrgn-bttm-0'>",
    "link-en" : "https://eccx.optimalworkshop.com/questions/2esdzqcu-0-2",
    "link-fr" : "https://eccx.optimalworkshop.com/questions/2esdzqcu-0-0-0",
    "start-on" : "2020-01-30T00:00:00",
    "end-on" : "2050-07-10T23:59:00",
    "type" : "Entire site",
    "probability" : 0.5,
    "yes-en" : "<strong>Yes, <span class='wb-inv'>I will take the exit survey </span>after my visit.</strong>",
    "yes-fr" : "<strong>Oui, <span class='wb-inv'>je vais participer au sondage de départ </span>après ma visite.</strong>",
    "no-en" : "No, <span class='wb-inv'>I do not want to take the exit survey, </span>thank you.",
    "no-fr" : "Non, <span class='wb-inv'>je ne veux pas participer au sondage de départ, </span>merci.",
    "close-en" : "Close: Exit survey (escape key)",
    "close-fr" : "Fermer : Sondage de fin de visite (touche d&apos;échappement)",
    "name" : "SC - Grants and Contributions Call for Proposals",
    "survey-urls" : [
      {"site" : "^servicecanada.github.io"}
    ]
  },
  {
    "id" : "3",
    "title-en" : "Page(FolderY) Scope: AA test (eng)",
    "title-fr" : "Page(FolderY) Scope: AA test (fra)",
    "body-en" : "<p>Please take a few moments to let us know about today’s experience with <strong> My Service Canada Account (MSCA)</strong> so we can serve you better.</p><p class='mrgn-bttm-0'>Your participation is voluntary and your responses are confidential and anonymous. </p>",
    "body-fr" : "<p>Merci de prendre quelques minutes pour nous faire part de l’expérience que vous avez eue aujourd’hui relativement à <strong> Mon dossier Service Canada (MDSC)</strong>, afin que nous puissions mieux vous servir</p><p class='mrgn-bttm-0'>Votre participation est volontaire, et vos réponses sont confidentielles et anonymes.</p>",
    "link-en" : "http://www1.canada.ca/en/contact/sc_account.html?referrer=logout",
    "link-fr" : "http://www1.canada.ca/fr/contact/mon_dossier_sc.html?referrer=logout",
    "start-on" : "2019-04-10T00:00:00",
    "end-on" : "2050-07-20T23:59:00",
    "type" : "Page",
    "probability" : 0.25,
    "yes-en" : "<strong>Yes,  <span class='wb-inv'>I will take the exit survey </span> after my visit.</strong>",
    "yes-fr" : "<strong>Oui, <span class='wb-inv'>je vais participer au sondage de départ </span> après ma visite.</strong>",
    "no-en" : "No, <span class='wb-inv'>I do not want to take the exit survey, </span> thank you.",
    "no-fr" : "Non, <span class='wb-inv'>je ne veux pas participer au sondage de départ, </span> merci.",
    "close-en" : "Close: Exit survey (escape key)",
    "close-fr" : "Fermer : Sondage de fin de visite (touche d&apos;échappement)",
    "name" : "ESDC - MSCA Feedback Form - Thank you page",
    "survey-urls" : [
      {"url" : "https://servicecanada.github.io/invitation-manager/test-IM"}
    ]
  },
  {
    "id" : "4",
    "title-en" : "Website Survey",
    "title-fr" : "Sondage du site Web",
    "body-en" : "<p>Please take a few minutes at the end of your visit today to anonymously tell us about your experience with the website.</p><p class='mrgn-bttm-0'>Choosing “Yes, after my visit” will open a new window that you can return to once you complete your visit on the website. </p>",
    "body-fr" : "<p>Veuillez prendre quelques minutes à la fin de votre visite aujourd'hui pour nous faire part anonymement de votre expérience sur le site Web.</p><p class='mrgn-bttm-0'>En choisissant “Oui, après ma visite” une nouvelle fenêtre s'ouvrira. Vous pourrez la remplir une fois votre visite sur le site est terminée.</p>",
    "link-en" : "https://www.canada.ca/en.html",
    "link-fr" : "https://www.canada.ca/fr.html",
    "start-on" : "2019-04-10T00:00:00",
    "end-on" : "2050-07-20T23:59:00",
    "type" : "Page",
    "probability" : 0.25,
    "yes-en" : "<strong>Yes, <span class='wb-inv'>I will take the exit survey </span> after my visit.</strong>",
    "yes-fr" : "<strong>Oui, <span class='wb-inv'>je vais participer au sondage de départ </span> après ma visite.</strong>",
    "no-en" : "No, <span class='wb-inv'>I do not want to take the exit survey, </span> thank you.",
    "no-fr" : "Non, <span class='wb-inv'>je ne veux pas participer au sondage de départ, </span> merci.",
    "close-en" : "Close: Exit survey (escape key)",
    "close-fr" : "Fermer : Sondage de fin de visite (touche d&apos;échappement)",
    "name" : "ESDC - MSCA Feedback Form - Thank you page",
    "survey-urls" : [
			{ "url" : "https://servicecanada.github.io/invitation-manager/test-IM/test-eng.html"},
			{ "url" : "https://servicecanada.github.io/invitation-manager/test-IM/test-fra.html"}
			
    ]
  },
  {
    "id" : "5",
    "title-en" : "Page(url-X2) Scope 50%: AA test (eng)",
    "title-fr" : "Page(url-X2) Scope 50%: AA test (fra)",
    "body-en" : "<p>Please take a few moments to let us know about today’s experience with <strong> My Service Canada Account (MSCA)</strong> so we can serve you better. When selecting ‘Yes’, you can minimize the survey and fill it out after logging out of MSCA.</p><p class='mrgn-bttm-0'>Your participation is voluntary and your responses are confidential and anonymous. </p>",
    "body-fr" : "<p>Merci de prendre quelques minutes pour nous faire part de l’expérience que vous avez eue aujourd’hui relativement à <strong> Mon dossier Service Canada (MDSC) </strong>, afin que nous puissions mieux vous servir. Lorsque vous sélectionnez &apos;Oui&apos;, vous pouvez minimiser le sondage et le compléter après vous être déconnecté de MDSC.</p><p class='mrgn-bttm-0'>Votre participation est volontaire, et vos réponses sont confidentielles et anonymes.</p>",
    "link-en" : "http://www1.canada.ca/en/contact/sc_account.html?referrer=login",
    "link-fr" : "http://www1.canada.ca/fr/contact/mon_dossier_sc.html?referrer=login",
    "start-on" : "2018-07-12T00:00:00",
    "end-on" : "2050-07-20T23:59:00",
    "type" : "Page",
    "probability" : 0.15,
    "uniqueTitle" : "ESDC - Page - MSCA Feedback Form",
    "yes-en" : "<strong>Yes, <span class='wb-inv'>I will take the exit survey </span> after my visit.</strong>",
    "yes-fr" : "<strong>Oui, <span class='wb-inv'>je vais participer au sondage de départ </span> après ma visite.</strong>",
    "no-en" : "No, <span class='wb-inv'>I do not want to take the exit survey, </span> thank you.",
    "no-fr" : "Non, <span class='wb-inv'>je ne veux pas participer au sondage de départ, </span> merci.",
    "close-en" : "Close: Exit survey (escape key)",
    "close-fr" : "Fermer : Sondage de fin de visite (touche d&apos;échappement)",
    "name" : "ESDC - MSCA Feedback Form",
    "survey-urls" : [
			{ "url" : "https://servicecanada.github.io/invitation-manager/test-IM/test2-eng.html"},
			{ "url" : "https://servicecanada.github.io/invitation-manager/test-IM/test2-fra.html"},
			{ "url" : "https://servicecanada.github.io/invitation-manager/test-IM/test3-eng.html"},
			{ "url" : "https://servicecanada.github.io/invitation-manager/test-IM/test3-fra.html"}
	
    ]
  },
  {
    "id" : "6",
    "title-en" : "Page(url-X3) Scope 50%: AA test (eng)",
    "title-fr" : "Page(url-X3) Scope 50%: AA test (fra)",
    "body-en" : "<p>Please take a few moments to let us know about today’s experience with <strong> My Service Canada Account (MSCA)</strong> so we can serve you better. When selecting ‘Yes’, you can minimize the survey and fill it out after logging out of MSCA.</p><p class='mrgn-bttm-0'>Your participation is voluntary and your responses are confidential and anonymous. </p>",
    "body-fr" : "<p>Merci de prendre quelques minutes pour nous faire part de l’expérience que vous avez eue aujourd’hui relativement à <strong> Mon dossier Service Canada (MDSC) </strong>, afin que nous puissions mieux vous servir. Lorsque vous sélectionnez &apos;Oui&apos;, vous pouvez minimiser le sondage et le compléter après vous être déconnecté de MDSC.</p><p class='mrgn-bttm-0'>Votre participation est volontaire, et vos réponses sont confidentielles et anonymes.</p>",
    "link-en" : "http://www1.canada.ca/en/contact/sc_account.html?referrer=login",
    "link-fr" : "http://www1.canada.ca/fr/contact/mon_dossier_sc.html?referrer=login",
    "start-on" : "2018-07-12T00:00:00",
    "end-on" : "2050-07-20T23:59:00",
    "type" : "Page",
    "probability" : 0.15,
    "uniqueTitle" : "ESDC - Page - MSCA Feedback Form",
    "yes-en" : "<strong>Yes, <span class='wb-inv'>I will take the exit survey </span> after my visit.</strong>",
    "yes-fr" : "<strong>Oui, <span class='wb-inv'>je vais participer au sondage de départ </span> après ma visite.</strong>",
    "no-en" : "No, <span class='wb-inv'>I do not want to take the exit survey, </span> thank you.",
    "no-fr" : "Non, <span class='wb-inv'>je ne veux pas participer au sondage de départ, </span> merci.",
    "close-en" : "Close: Exit survey (escape key)",
    "close-fr" : "Fermer : Sondage de fin de visite (touche d&apos;échappement)",
    "name" : "ESDC - MSCA Feedback Form",
    "survey-urls" : [
			{ "url" : "https://servicecanada.github.io/invitation-manager/test-IM/test4-eng.html"},
			{ "url" : "https://servicecanada.github.io/invitation-manager/test-IM/test4-fra.html"}
	
    ]
  },
  {
    "id" : "7",
    "title-en" : "Page(url-X3) Scope 2 50%: AA test (eng)",
    "title-fr" : "Page(url-X3) Scope 2 50%: AA test (fra)",
    "body-en" : "<p>Please take a few moments to let us know about today’s experience with <strong> My Service Canada Account (MSCA)</strong> so we can serve you better. When selecting ‘Yes’, you can minimize the survey and fill it out after logging out of MSCA.</p><p class='mrgn-bttm-0'>Your participation is voluntary and your responses are confidential and anonymous. </p>",
    "body-fr" : "<p>Merci de prendre quelques minutes pour nous faire part de l’expérience que vous avez eue aujourd’hui relativement à <strong> Mon dossier Service Canada (MDSC) </strong>, afin que nous puissions mieux vous servir. Lorsque vous sélectionnez &apos;Oui&apos;, vous pouvez minimiser le sondage et le compléter après vous être déconnecté de MDSC.</p><p class='mrgn-bttm-0'>Votre participation est volontaire, et vos réponses sont confidentielles et anonymes.</p>",
    "link-en" : "http://www1.canada.ca/en/contact/sc_account.html?referrer=login",
    "link-fr" : "http://www1.canada.ca/fr/contact/mon_dossier_sc.html?referrer=login",
    "start-on" : "2018-07-12T00:00:00",
    "end-on" : "2050-07-20T23:59:00",
    "type" : "Page",
    "probability" : 0.20,
    "uniqueTitle" : "ESDC - Page - MSCA Feedback Form",
    "yes-en" : "<strong>Yes, <span class='wb-inv'>I will take the exit survey </span> after my visit.</strong>",
    "yes-fr" : "<strong>Oui, <span class='wb-inv'>je vais participer au sondage de départ </span> après ma visite.</strong>",
    "no-en" : "No, <span class='wb-inv'>I do not want to take the exit survey, </span> thank you.",
    "no-fr" : "Non, <span class='wb-inv'>je ne veux pas participer au sondage de départ, </span> merci.",
    "close-en" : "Close: Exit survey (escape key)",
    "close-fr" : "Fermer : Sondage de fin de visite (touche d&apos;échappement)",
    "name" : "ESDC - MSCA Feedback Form",
    "survey-urls" : [
			{ "url" : "https://servicecanada.github.io/invitation-manager/test-IM/test5-eng.html"},
			{ "url" : "https://servicecanada.github.io/invitation-manager/test-IM/test5-fra.html"}

    ]
  }

  ]
}
