﻿{
  "settings":
  {
    "duration-delay": 15,
    "page-probability": 0.7,
    "site-probability": 0.3,
    "blacklist": [{"url" : "https://blacklist1.com"},
		  {"url" : "https://blacklist2.com"}],
    "whitelist": [{ "url" : "^whitelistDomain.com\/"}]
  },
  "surveys" : [
  {
    "id" : "1",
    "title-en" : "English Title",
    "title-fr" : "Titre Francais",
    "body-en" : "<p>English Description.</p><p class='mrgn-bttm-0'>",
    "body-fr" : "<p>Description en Francais.</p><p class='mrgn-bttm-0'>",
    "link-en" : "https://survey1_link_en",
    "link-fr" : "https://survey1_link_fr",
    "start-on" : "YYYY-MM-DDTHH:mm:ss",
    "end-on" : "YYYY-MM-DDTHH:mm:ss",
    "type" : "Entire site",
    "probability" : Value_less_than_one,
    "yes-en" : "<strong>Yes, <span class='wb-inv'>I will take the exit survey </span>after my visit.</strong>",
    "yes-fr" : "<strong>Oui, <span class='wb-inv'>je vais participer au sondage de départ </span>après ma visite.</strong>",
    "no-en" : "No, <span class='wb-inv'>I do not want to take the exit survey, </span>thank you.",
    "no-fr" : "Non, <span class='wb-inv'>je ne veux pas participer au sondage de départ, </span>merci.",
    "close-en" : "Close: Exit survey (escape key)",
    "close-fr" : "Fermer : Sondage de fin de visite (touche d&apos;échappement)",
    "name" : "Survey_Name",
    "survey-urls" : [
      {"site" : "^site_domain.com"}
    ]
  },
  {
    "id" : "2",
    "title-en" : "English Title",
    "title-fr" : "Titre Francais",
    "body-en" : "<p>Description part 1<strong>Something to emphasize</strong>Remainder of Description Part 1.</p><p class='mrgn-bttm-0'>Description Part 2. </p>",
    "body-fr" : "<p>Partie 1 de la Description <strong>Quelque chose a souligner</strong>Reste de la Description Partie 1</p><p class='mrgn-bttm-0'>Partie 2 de la Description.</p>",
    "link-en" : "http://www1.canada.ca/en/contact/sc_account.html?referrer=logout",
    "link-fr" : "http://www1.canada.ca/fr/contact/mon_dossier_sc.html?referrer=logout",
    "start-on" : "YYYY-MM-DDTHH:mm:ss",
    "end-on" : "YYYY-MM-DDTHH:mm:ss",
    "type" : "Page",
    "probability" : Value_less_than_one,
    "yes-en" : "<strong>Yes,  <span class='wb-inv'>I will take the exit survey </span> after my visit.</strong>",
    "yes-fr" : "<strong>Oui, <span class='wb-inv'>je vais participer au sondage de départ </span> après ma visite.</strong>",
    "no-en" : "No, <span class='wb-inv'>I do not want to take the exit survey, </span> thank you.",
    "no-fr" : "Non, <span class='wb-inv'>je ne veux pas participer au sondage de départ, </span> merci.",
    "close-en" : "Close: Exit survey (escape key)",
    "close-fr" : "Fermer : Sondage de fin de visite (touche d&apos;échappement)",
    "name" : "Survey_Name",
    "survey-urls" : [
      { "url" : "https://domain_example/example-eng.html"},
	  { "url" : "https://domain_example/example-fra.html"}
    ]
  }
  ]
}
